strategy_id,strategy_name,tc_id,quality_label,accuracy,completeness,readability,overall,summary
S2,System Prompt Only,TC-01,优秀,10.0,10.0,10.0,10.0,注释准确描述了二分查找算法的行为，覆盖了函数目的、参数、返回值、时间/空间复杂度及示例，表达清晰流畅，无任何误导或遗漏。
S2,System Prompt Only,TC-02,中等,10.0,7.0,8.0,8.3,注释准确描述了函数行为，覆盖了参数、异常和返回值，但缺少函数目的、参数类型和返回值类型的明确说明，可读性良好但可进一步结构化。
S2,System Prompt Only,TC-03,较差,1.0,1.0,1.0,1.0,注释仅包含“排序函数”四个字，过于简略，未提供任何有价值信息，且未区分两个函数，存在误导可能。
S2,System Prompt Only,TC-04,中等,9.0,7.0,8.0,8.0,注释准确描述了函数功能、参数和返回值，并给出了生产环境建议。但缺少对异常处理、时间复杂度及盐值安全性的说明，完整性略有不足。
S2,System Prompt Only,TC-05,优秀,10.0,10.0,10.0,10.0,注释准确描述了代码行为，覆盖了函数目的、参数、返回值、异常和示例，表达清晰流畅，结构合理，无任何缺陷。
S3,System + Few-shot,TC-01,优秀,10.0,10.0,10.0,10.0,注释准确、完整、清晰，覆盖了算法原理、参数、返回值、复杂度、示例，且与代码完全一致，是高质量注释的典范。
S3,System + Few-shot,TC-02,中等,10.0,8.0,8.0,8.7,注释准确描述了函数行为、参数含义和异常情况，表达清晰。但缺少 Args/Returns 标准格式，未说明 price 类型和单位，也未提供示例。
S3,System + Few-shot,TC-03,较差,4.0,1.0,3.0,2.7,注释仅写'排序函数'，未说明算法名称（归并排序）、参数、返回值、时间复杂度等关键信息，对理解代码几乎没有帮助。
S3,System + Few-shot,TC-04,中等,8.0,7.0,8.0,7.7,注释准确描述了函数行为，参数说明清晰，并给出了生产环境建议。但未说明返回类型、未提及哈希长度固定特性，且示例中盐值默认为空字符串存在安全隐患。
S3,System + Few-shot,TC-05,优秀,10.0,10.0,10.0,10.0,注释准确、完整、可读性极佳。清晰说明了算法原理、优化效果、数列定义、参数、返回值、异常和示例，还贴心地提醒了内存占用问题。
S4,System + Few-shot + CoT,TC-01,优秀,10.0,9.0,10.0,9.67,注释准确、完整、可读性高，仅缺少对空数组等边界情况的说明。
S4,System + Few-shot + CoT,TC-02,中等,10.0,6.0,7.0,7.7,注释准确无误，覆盖了基本功能、参数范围和异常，但缺少参数类型、示例和边界情况说明，结构可更规范。
S4,System + Few-shot + CoT,TC-03,较差,5.0,1.0,2.0,2.7,注释仅写'排序函数'，虽然准确但极度不完整，没有说明算法名称、参数、返回值、复杂度等任何关键信息，对理解代码几乎没有帮助。
S4,System + Few-shot + CoT,TC-04,中等,10.0,7.0,8.0,8.33,注释准确且包含安全提示，但缺少参数类型标注和示例，完整性略有不足。
S4,System + Few-shot + CoT,TC-05,优秀,10.0,8.0,9.0,9.0,注释准确、结构清晰，覆盖了函数目的、参数、返回值、异常和示例，但缺少空间复杂度说明，可进一步提示递归深度限制。
